ID,学年,漢字,画数,音読み,訓読み,ヒント音読み,ヒント訓読み
1001,1,一,1,イチ・イツ,ひと・ひと(つ),一ばん(番),一人、一つ
1002,1,九,2,キュウ・ク,ここの(つ),九百人、九月、,九つ
1003,1,七,2,シチ,なな・なな(つ)・なの,七月,七つ、七日
1004,1,十,2,ジュウ・ジッ,とお・と,十人、十本,十日、十一
1005,1,人,2,ジン・ニン,ひと,人口、三人,一人、人々
1006,1,二,2,ニ,ふた・ふた(つ),二足,二人、二つ
1007,1,入,2,ニュウ,い(る)・い(れる)・はい(る),入学、入力,入る、入れる
1008,1,八,2,ハチ,や・や(つ)・やっ(つ)・よう,八月,八百や(屋)、八つ、八日
1009,1,力,2,リョク・リキ,ちから,出力、人力車、,力もち
1010,1,下,3,カ・ゲ,した・しも・もと・さ(げる)・さ(がる)・くだ(る)・くだ(す)・くだ(さる)・お(ろす)・お(りる),天下、下水,下のほう、下がる、下りる
1011,1,口,3,コウ・ク,くち,火口、口ない(内),口びる(唇)
1012,1,三,3,サン,み・み(つ)・みっ(つ),三月、三こ(個),三つ、三日
1013,1,山,3,サン,やま,山林、森林,山のぼり
1014,1,子,3,シ・ス,こ,女子、よう(様)子,小犬
1015,1,女,3,ジョ・ニョ,おんな・め,女子、天女,女の子、おと女(乙女)
1016,1,小,3,ショウ,ちい(さい)・こ・お,大小,小さい、小石、小川
1017,1,上,3,ジョウ・ショウ,うえ・うわ・かみ・あ(げる)・あ(がる)・のぼ(る)・のぼ(せる)・のぼ(す),上下、上手[音読み],上手[訓読み]、上手、上がる、上る
1018,1,夕,3,セキ,ゆう,一ちょう(朝)一夕,夕日、夕立
1019,1,千,3,セン,ち,千円、千日,千ば(葉)県
1020,1,川,3,セン,かわ,か(河)川,川上、川下
1021,1,大,3,ダイ・タイ,おお・おお(きい)・おお(いに),大学、大小,大きい、大いに
1022,1,土,3,ド・ト,つち,土足、土ち(地),土ねんど(粘土)
1023,1,円,4,エン,まる(い),一円,円いおさら(皿)
1024,1,王,4,オウ,,王さま(様),
1025,1,火,4,カ,ひ,火口、火よう(曜)日,火をつける
1026,1,月,4,ゲツ・ガツ,つき,月よう(曜)日、一(いち)月,お月見、一(ひと)月
1027,1,犬,4,ケン,いぬ,名犬,子犬
1028,1,五,4,ゴ,いつ・いつ(つ),五百円,五つ
1029,1,手,4,シュ・ズ,て・た,手中、上手,手足、下手
1030,1,水,4,スイ,みず,水よう(曜)日、雨(う)水,雨(あま)水
1031,1,中,4,チュウ,なか,水中、空中、日中,山の中、ま(真)ん中、せ(背)中
1032,1,天,4,テン,あま,天下、天空,天の川、
1033,1,日,4,ニチ・ジツ,ひ・か,一日、本日,日の出、五日
1034,1,文,4,ブン・モン,ふみ,文字、さく(作)文、天文だい(台),こい(恋)文
1035,1,木,4,ボク・モク,き・こ,土木、木よう(曜)日,つ(積)み木、木のは(葉）
1036,1,六,4,ロク,む・む(つ)・むっ(つ)・むい,六こ(個),六つ、六日
1037,1,右,5,ウ・ユウ,みぎ,右せつ(折)、左右,右手、右足
1038,1,玉,5,ギョク,たま、だま,しょうぎ(将棋)の王と玉,お年玉、百円玉
1039,1,左,5,サ,ひだり,左せつ(折)、左右,左手、左足
1040,1,四,5,シ,よ・よ(つ)・よっ(つ)・よん,四月,四年生、四つ、四こ
1041,1,出,5,シュツ・スイ,で(る)・だ(す),出力、出納(とう),出口、水を出す
1042,1,正,5,セイ・ショウ,ただ(しい)・ただ(す)・まさ,正解(かい)、お正月,正しい人、まちがいを正す、正に
1043,1,生,5,セイ・ショウ,い(きる)・い(かす)・い(ける)・う(まれる)・う(む)・お(う)・は(える)・は(やす)・き・なま,先生、一生,生きる、力を生かす、花を生ける、生まれる、子を生む、生い立ち、草が生える、ひげを生やす、ふくの生地(じ)、生たまご
1044,1,石,5,セキ・シャク・コク,いし,宝(ほう)石、じ(磁)石、千石,小石
1045,1,田,5,デン,た,水田,田んぼ
1046,1,白,5,ハク・ビャク,しろ・しろ(い)・しら,白米(まい)、白夜(や),白い花、白雪姫(ゆきひめ)
1047,1,本,5,ホン,もと,本だな,木の本
1048,1,目,5,モク・ボク,め・ま,本の目次(じ)、面(めん)目ない,目玉やき、目のあたり
1049,1,立,5,リツ・リュウ,た(つ)・た(てる),国立、建(こん)立,足で立つ、はたを立てる
1050,1,気,6,キ・ケ,,天気、人(にん)気がある、人(ひと)気がない,
1051,1,休,6,キュウ,やす(む)・やす(まる)・やす(める),休日,学校を休む、心が休まる、目を休める
1052,1,糸,6,シ,いと,抜(ばっ)糸,糸でんわ、毛(け)糸
1053,1,字,6,ジ,あざ,名字,大字※住所などで使います
1054,1,耳,6,ジ,みみ,耳鼻科(びか)、耳目をあつめる※注目すること,耳をすます、パンの耳
1055,1,先,6,セン,さき・ま(ず),先生,行(ゆ)き先、先ずはこれから
1056,1,早,6,ソウ・サッ,はや(い)・はや(まる)・はや(める),早朝(ちょう)、早速(そく)はじめる,早くおきる、気が早まる、予定(よてい)を早める
1057,1,竹,6,チク,たけ,竹林,竹の子、青竹
1058,1,虫,6,チュウ,むし,昆(こん)虫,虫歯(ば)、虫かご
1059,1,年,6,ネン,とし,一年生,お年玉
1060,1,百,6,ヒャク,もも,百円玉,百歳(とせ)※昔の数え方で今はほとんど使わない、人名などで使われることもある：百恵
1061,1,名,6,メイ・ミョウ,な,名犬、名字,名前(まえ)、あだ名
1062,1,花,7,カ,はな,花粉(ふん)、花瓶(びん),花火、花びら
1063,1,貝,7,バイ,かい,※古い読みかたで巻貝を「バイ」と読んでいました,貝がら
1064,1,見,7,ケン,み(る)・み(える)・み(せる),見学,手を見る、月が見える、絵(え)を見せる
1065,1,車,7,シャ,くるま,水車、自動(じどう)車,風(ふう)車
1066,1,赤,7,セキ・シャク,あか・あか(い)・あか(らむ)・あか(らめる),赤道(どう)、赤銅色(どうしょく),赤いりんご、顔(かお)が赤らむ、顔(かお)を赤らめる
1067,1,足,7,ソク,あし・た(りる)・た(す),一足、二足※くつのかぞえかた、遠足,足あと、足りる、足し算、水を足す
1068,1,村,7,ソン,むら,山村、村長(ちょう)さん,村のまつり、村人
1069,1,男,7,ダン・ナン,おとこ,男子、長(ちょう)男、次(じ)男、三男,晴れ男、雨男、男まつり
1070,1,町,7,チョウ,まち,町長(ちょう)さん、町内会(ないかい),町のあかり、町かど
1071,1,雨,8,ウ,あめ・あま,雨天,大雨、雨やどり、雨ぐも
1072,1,学,8,ガク,まな(ぶ),学年、大学,学校で学ぶ
1073,1,金,8,キン・コン,かね・かな,金メダル、金曜日、黄(おう)金,お金、金づち
1074,1,空,8,クウ,そら・あ(く)・あ(ける)・から,空気、空港(こう),青空、穴(あな)が空く、穴(あな)を空ける、空のはこ
1075,1,青,8,セイ・ショウ,あお・あお(い),青天、群(ぐん)青色(いろ)※濃(こ)い青いろ,青信号(しんごう)、青い海(うみ)
1076,1,林,8,リン,はやし,山林、竹林、林道(どう),林さん(人名)、雑(ぞう)木林
1077,1,音,9,オン・イン,おと・ね,音楽、母(ぼ)音、子音,足音、音色(いろ)
1078,1,草,9,ソウ,くさ,雑(ざっ)草、草原(げん),草むら、草花
1079,1,校,10,コウ,,学校、校長(ちょう)先生、登(とう)校、下校,
1080,1,森,12,シン,もり,森林,森のくまさん、青森県(けん)
2001,2,刀,2,トウ,かたな,木刀、日本刀,刀をさす、小刀できる
2002,2,丸,3,ガン,まる・まる(い)・まる(める),一丸となる、丸薬(やく)を飲む,丸いかお、紙を丸める
2003,2,弓,3,キュウ,ゆみ,弓道,弓をひく、弓矢
2004,2,工,3,コウ・ク,,工作する、工場、大工さん、工夫(ふう)する,
2005,2,才,3,サイ,,天才、多彩、才能(のう),
2006,2,万,3,マン・バン,,一万円、万国旗(き),
2007,2,引,4,イン,ひ(く)・ひ(ける),引力、引火,ひもを引く、風が引ける
2008,2,牛,4,ギュウ,うし,牛肉、牛乳(にゅう)、牛車,子牛、牛小屋(や)
2009,2,元,4,ゲン・ガン,もと,元気、元日、,足元、元どおり
2010,2,戸,4,コ,と,一戸建(た)て,戸を開ける、雨戸
2011,2,午,4,ゴ,,午前、午後、正午,
2012,2,公,4,コウ,おおやけ,公園、公正、公平,ひみつを公にする、公の場所
2013,2,今,4,コン,いま,今回、今度(ど),今すぐやる、今までは
2014,2,止,4,シ,と(まる)・と(める),中止、終始,とけいが止まる、足を止める
2015,2,少,4,ショウ,すく(ない)・すこ(し),少数、少年,数が少ない、少し食べる
2016,2,心,4,シン,こころ,円の中心、心理テスト,心づかい、心細い
2017,2,切,4,セツ・サイ,き(る)・き(れる),大切、親切、一切食べない,紙を切る、電池が切れる
2018,2,太,4,タイ・タ,ふと(い)・ふと(る),太陽、丸太,太い糸、食べて太る
2019,2,内,4,ナイ・ダイ,うち,校内、境(けい)内,線の内側、身内
2020,2,父,4,フ,ちち,父母、祖(そ)父,父上、父の日
2021,2,分,4,ブン・フン・ブ,わ(ける)・わ(かれる)・わ(かる)・わ(かつ),半分、五分後にする、強さは五分だ,おかしを分ける、道が分かれる、意味がわかる
2022,2,方,4,ホウ,かた,地方、正方形,書き方、あの方
2023,2,毛,4,モウ,け,羽毛、毛筆(ひつ),毛糸、毛足
2024,2,友,4,ユウ,とも,友人、親友,友達(だち)
2025,2,外,5,ガイ・ゲ,そと・ほか・はず(す)・はず(れる),外国、外科医(い),外であそぶ、外の人、ボタンを外す、予想(よそう)が外れる
2026,2,兄,5,ケイ・キョウ,あに,父兄、兄弟,わたしの兄
2027,2,古,5,コ,ふる(い)・ふる(す),中古車、古風,古い本、服(ふく)を着(き)古す
2028,2,広,5,コウ,ひろ(い)・ひろ(まる)・ひろ(める)・ひろ(がる)・ひろ(げる),広大、広告(こく),広い公園、名前が広まる(がる・げる)
2029,2,市,5,シ,いち,市長さん、市役所(やくしょ),朝市に行く
2030,2,矢,5,シ,や,一矢をむくいる,弓矢、矢のような速(はや)さ
2031,2,台,5,ダイ・タイ,,台風、1台の車、舞(ぶ)台、台湾(わん)※国名,
2032,2,冬,5,トウ,ふゆ,春夏秋冬、冬眠(みん),冬休み、冬景色(げしき)
2033,2,半,5,ハン,なか(ば),半分こ、半そでシャツ,半ば終わる、4月の半ば
2034,2,母,5,ボ,はは,母国、母校、母音,わたしの母、母犬、母猫
2035,2,北,5,ホク,きた,東北、北西、北海道,北風がふく、北の空
2036,2,用,5,ヨウ,もち(いる),用事(じ)、用意(い),力を用いる
2037,2,羽,6,ウ,は・はね,羽毛、羽化(か),鳥の羽、羽を広げる
2038,2,回,6,カイ・エ,まわ(る)・まわ(す),一回目、回数、回向(こう),目が回る、手を回す、回り道
2039,2,会,6,カイ・エ,あ(う),会社、知識(しき)を会得(とく)する,ともだちに会う
2040,2,交,6,コウ,まじ(わる)・まじ(える)・ま(じる)・ま(ざる)・ま(ぜる)・か(う)・か(わす),交通、交番,道が交わる(える)、あいさつを交わす
2041,2,光,6,コウ,ひか(る)・ひかり,日光、観(かん)光旅(りょ)行,星が光る、光があたる
2042,2,考,6,コウ,かんが(える),思考、参(さん)考,答えを考える
2043,2,行,6,コウ・ギョウ・アン,い(く)・ゆ(く)・おこな(う),先行、ア行、行灯(どん),行く先、行方、先に行う
2044,2,合,6,ゴウ・ガッ・カッ,あ(う)・あ(わす)・あ(わせる),合格(かく)、合体、合戦(せん),間に合う、力を合わす(せる)
2045,2,寺,6,ジ,てら,寺社、寺院(いん),お寺、寺子屋(や)
2046,2,自,6,ジ・シ,みずか(ら),自分、自由(ゆう)、自然(ぜん),自らやる
2047,2,色,6,ショク・シキ,いろ,原色、特(とく)色、景(け)色,たくさんの色、顔色、音色
2048,2,西,6,セイ・サイ,にし,西洋、西国、関(かん)西地方(ちほう),西日がつよい
2049,2,多,6,タ,おお(い),多分、多数,人が多い
2050,2,地,6,チ・ジ,,地球(きゅう)、地図、地面(めん),
2051,2,池,6,チ,いけ,天池,青池
2052,2,当,6,トウ,あ(たる)・あ(てる),当時,
2053,2,同,6,ドウ,おな(じ),同時,同じ
2054,2,肉,6,ニク,,犬肉,
2055,2,米,6,ベイ・マイ,こめ,親米、赤米,大米
2056,2,毎,6,マイ,ごと,毎朝,毎に
2057,2,何,7,カ,なに・なん,何考,何一、何通
2058,2,角,7,カク,かど・つの,四角,岩角、大角
2059,2,汽,7,キ,,汽車,
2060,2,近,7,キン,ちか(い),遠近,
2061,2,形,7,ケイ・ギョウ,かた・かたち,雲形、大形,形作、形作
2062,2,言,7,ゲン・ゴン,い(う)・こと,一言、一言,言売、一言
2063,2,谷,7,コク,たに,雲谷,谷回
2064,2,作,7,サク・サ,つく(る),後作、後作,
2065,2,社,7,シャ,やしろ,一社,大社
2066,2,図,7,ズ・ト,はか(る),図太、図太,
2067,2,声,7,セイ・ショウ,こえ・こわ,一声、声明,声出、声作
2068,2,走,7,ソウ,はし(る),回走,
2069,2,体,7,タイ・テイ,からだ,体当、大体,体中
2070,2,通,7,ツウ,とお(る)・とお(す)・かよ(う),お通,
2071,2,弟,7,テイ・ダイ・デ,おとうと,兄弟、兄弟、弟子,姉弟
2072,2,売,7,バイ,う(る)・う(れる),公売,売木
2073,2,麦,7,バク,むぎ,麦秋,青麦
2074,2,来,7,ライ,く(る)・きた(る)・きた(す),遠来,来る年、来る
2075,2,里,7,リ,さと,朝里,里帰
2076,2,画,8,ガ・カク,,音画、一画,
2077,2,岩,8,ガン,いわ,岩石,赤岩
2078,2,京,8,キョウ・ケイ,,右京、京王,
2079,2,国,8,コク,くに,一国,岩国
2080,2,姉,8,シ,あね,外姉,姉上
2081,2,知,8,チ,し(る),学知,知
2082,2,長,8,チョウ,なが(い),一長,長(井)
2083,2,直,8,チョク・ジキ,ただ(ちに)・なお(す)・なお(る),直後、正直,直ちに、いいなおすけ(井伊直弼)
2084,2,店,8,テン,みせ,米店,お店
2085,2,東,8,トウ,ひがし,川東,川東
2086,2,歩,8,ホ・ブ・フ,ある(く)・あゆ(む),牛歩、行歩、角歩,
2087,2,妹,8,マイ,いもうと,兄妹,妹分
2088,2,明,8,メイ・ミョウ,あ(かり)・あか(るい)・あか(らむ)・あか(らめる)・あき(らか)・あ(ける)・あ(く)・あ(くる)・あか(す),記明、光明,明かり、明らか、明く、明くる
2089,2,門,8,モン,かど,青門,門池
2090,2,夜,8,ヤ,よ・よる,一夜,夜回、夜昼
2091,2,科,9,カ,,学科,
2092,2,海,9,カイ,うみ,雲海,入海
2093,2,活,9,カツ,,活魚,
2094,2,計,9,ケイ,はか(る)・はか(らう),一計,
2095,2,後,9,ゴ・コウ,のち・うし(ろ)・あと・おく(れる),前後、後学,後川、後ろ、後回
2096,2,思,9,シ,おも(う),思し,おもうさま(思う様)
2097,2,室,9,シツ,むろ,一室,石室
2098,2,首,9,シュ,くび,一首,青首
2099,2,秋,9,シュウ,あき,今秋,秋休
2100,2,春,9,シュン,はる,回春,春休
2101,2,食,9,ショク・ジキ,た(べる)・く(う)・く(らう),一食、肉食,食うや食わず
2102,2,星,9,セイ・ショウ,ほし,海星、天南星,星合
2103,2,前,9,ゼン,まえ,前後,前書
2104,2,茶,9,チャ・サ,,茶色、一茶,
2105,2,昼,9,チュウ,ひる,昼間,昼休
2106,2,点,9,テン,,時点,
2107,2,南,9,ナン・ナ,みなみ,雲南、雲南,川南
2108,2,風,9,フウ・フ,かぜ・かざ,今風、今風,風通、風通
2109,2,夏,10,カ・ゲ,なつ,今夏、夏毛,夏休
2110,2,家,10,カ・ケ,いえ・や,一家、王家,家中、空家
2111,2,記,10,キ,しる(す),右記,
2112,2,帰,10,キ,かえ(る)・かえ(す),回帰,
2113,2,原,10,ゲン,はら,原音,合原
2114,2,高,10,コウ,たか(い)・たか・たか(まる)・たか(める),高校,高(井)、天高
2115,2,紙,10,シ,かみ,間紙,紙切
2116,2,時,10,ジ,とき,同時,一時
2117,2,弱,10,ジャク,よわ(い)・よわ(る)・よわ(まる)・よわ(める),強弱,弱い
2118,2,書,10,ショ,か(く),一書,計画書
2119,2,馬,10,バ,うま・ま,一馬,白馬、白馬
2120,2,魚,11,ギョ,うお・さかな,海魚,赤魚、お魚
2121,2,強,11,キョウ・ゴウ,つよ(い)・つよ(まる)・つよ(める)・し(いる),強大、強引,
2122,2,教,11,キョウ,おし(える)・おそ(わる),回教,
2123,2,黄,11,コウ・オウ,き・こ,黄海、黄玉,黄色、黄海
2124,2,黒,11,コク,くろ・くろ(い),黒雲,黒光、黒石
2125,2,細,11,サイ,ほそ(い)・ほそ(る)・こま(か)・こま(かい),子細,細(井)、細か
2126,2,週,11,シュウ,,週明,
2127,2,雪,11,セツ,ゆき,雨雪,雪下
2128,2,船,11,セン,ふね・ふな,回船,入船、大船
2129,2,組,11,ソ,く(む)・くみ,組,組分
2130,2,鳥,11,チョウ,とり,海鳥,大鳥
2131,2,野,11,ヤ,の,外野,野太
2132,2,理,11,リ,ことわり,一理,理
2133,2,雲,12,ウン,くも,雲雨,雲行
2134,2,絵,12,カイ・エ,,絵画、絵入,
2135,2,間,12,カン・ケン,あいだ・ま,日間、一間,間中、間引
2136,2,場,12,ジョウ,ば,市場,場当
2137,2,晴,12,セイ,は(れる)・は(らす),晴雨,
2138,2,朝,12,チョウ,あさ,一朝,朝早
2139,2,答,12,トウ,こた(える)・こた(え),回答,答
2140,2,道,12,ドウ,みち,一道,道行
2141,2,買,12,バイ,か(う),買春,
2142,2,番,12,バン,,後番,
2143,2,園,13,エン,その,園地,大園
2144,2,遠,13,エン・オン,とお(い),遠海、遠国,遠(井)
2145,2,楽,13,ガク・ラク,たの(しい)・たの(しむ),音楽、赤楽,
2146,2,新,13,シン,あたら(しい)・あら(た)・にい,新入,新た、新川
2147,2,数,13,スウ・ス,かず・かぞ(える),色数、数少,数少
2148,2,電,13,デン,,赤電,
2149,2,話,13,ワ,はな(す)・はなし,一話,話出
2150,2,歌,14,カ,うた・うた(う),歌会,後歌、歌歌い
2151,2,語,14,ゴ,かた(る)・かた(らう),用語,
2152,2,算,14,サン,,合算,
2153,2,読,14,ドク・トク・トウ,よ(む),一読、読本、読点,
2154,2,聞,14,ブン・モン,き(く)・き(こえる),一聞、見聞,聞く耳
2155,2,鳴,14,メイ,な(く)・な(る)・な(らす),鳴音,鳴
2156,2,線,15,セン,,線引,
2157,2,親,16,シン,おや・した(しい)・した(しむ),近親,親方、親
2158,2,頭,16,トウ・ズ,あたま・かしら,一頭、頭数,頭出、頭書
2159,2,顔,18,ガン,かお,花顔,顔立
2160,2,曜,18,ヨウ,,火曜,
3001,3,丁,2,チョウ・テイ,,一丁、園丁,
3002,3,化,4,カ・ケ,ば(ける)・ば(かす),茶化、道化,
3003,3,区,4,ク,,区分,
3004,3,反,4,ハン・ホン・タン,そ(る)・そ(らす),相反、反、一反,のるかそるか(伸るか反るか)
3005,3,予,4,ヨ,あらかじ(め),予想,予め
3006,3,央,5,オウ,,県央,
3007,3,去,5,キョ・コ,さ(る),去月、去年,去る
3008,3,号,5,ゴウ,さけ(ぶ),記号,
3009,3,皿,5,ベイ,さら,,お皿
3010,3,仕,5,シ,つか(える),仕分,
3011,3,写,5,シャ,うつ(す)・うつ(る),音写,
3012,3,主,5,シュ,ぬし・おも,教主,馬主、主立
3013,3,申,5,シン,もう(す),外申,
3014,3,世,5,セイ・セ,よ,一世、一世,世直
3015,3,他,5,タ,ほか,自他,他に
3016,3,打,5,ダ,う(つ),安打,打つ手
3017,3,代,5,ダイ・タイ,か(わる)・か(える)・よ・しろ,代引、交代,代る代る、明代、足代
3018,3,皮,5,ヒ,かわ,皮肉,皮切
3019,3,氷,5,ヒョウ,こおり・ひ,雨氷,氷水、雨氷
3020,3,平,5,ヘイ・ビョウ,たい(ら)・ひら,平和、平等,平、赤平
3021,3,由,5,ユ・ユウ,よし・よ(る),由由、自由,和由
3022,3,礼,5,レイ・ライ,,一礼、作礼,
3023,3,安,6,アン,やす(い)・やす(まる)・やす(める)・やす(らか),安全,安(井)、安らか
3024,3,曲,6,キョク,ま(がる)・ま(げる),委曲,
3025,3,血,6,ケツ,ち,悪血,血走
3026,3,向,6,コウ,む(く)・む(ける)・む(かう)・む(こう),意向,向、向日
3027,3,死,6,シ,し(ぬ),死ん,
3028,3,次,6,ジ・シ,つ(ぐ)・つぎ,野次、次第,きよ(清)次、相次
3029,3,式,6,シキ,,一式,
3030,3,守,6,シュ・ス,まも(る)・もり,国守、守門,守、足守
3031,3,州,6,シュウ,す,羽州,白州
3032,3,全,6,ゼン,まった(く)・すべ(て),安全,全く、全て
3033,3,有,6,ユウ・ウ,あ(る),区有、有界,有が(賀)
3034,3,羊,6,ヨウ,ひつじ,羊子,子羊
3035,3,両,6,リョウ,,両開,
3036,3,列,6,レツ,,ア列,
3037,3,医,7,イ,,医院,
3038,3,究,7,キュウ,きわ(める),学究,
3039,3,局,7,キョク,つぼね,医局,お局
3040,3,君,7,クン,きみ,暗君,大君
3041,3,決,7,ケツ,き(める)・き(まる),一決,
3042,3,住,7,ジュウ,す(む)・す(まう),安住,
3043,3,助,7,ジョ,たす(ける)・たす(かる)・すけ,一助,足助
3044,3,身,7,シン,み,出身,身持
3045,3,対,7,タイ・ツイ,,相対、一対,
3046,3,投,7,トウ,な(げる),悪投,
3047,3,豆,7,トウ・ズ,まめ,緑豆、小豆,青豆
3048,3,坂,7,ハン,さか,急坂,赤坂
3049,3,返,7,ヘン,かえ(す)・かえ(る),代返,返す返
3050,3,役,7,ヤク・エキ,,役回、役牛,
3051,3,委,8,イ,ゆだ(ねる),委員,
3052,3,育,8,イク,そだ(つ)・そだ(てる)・はぐく(む),育男,
3053,3,泳,8,エイ,およ(ぐ),泳者,
3054,3,岸,8,ガン,きし,右岸,岸近
3055,3,苦,8,ク,くる(しい)・くる(しむ)・くる(しめる)・にが(い)・にが(る),重苦,
3056,3,具,8,グ,そな(える)・つぶさ,具合,具に
3057,3,幸,8,コウ,さいわ(い)・さち・しあわ(せ),一幸,幸い、生幸、幸せ
3058,3,使,8,シ,つか(う),使用,
3059,3,始,8,シ,はじ(める)・はじ(まる),開始,
3060,3,事,8,ジ,こと・つか(える),事始,事始
3061,3,実,8,ジツ,み・みの(る),記実,和実、実
3062,3,者,8,シャ,もの,医者,曲者
3063,3,取,8,シュ,と(る),強取,
3064,3,受,8,ジュ,う(ける)・う(かる),感受,
3065,3,所,8,ショ,ところ,所持,所書
3066,3,昔,8,セキ・シャク,むかし,古昔,昔聞
3067,3,注,8,チュウ,そそ(ぐ),注意,
3068,3,定,8,テイ・ジョウ,さだ(める)・さだ(まる)・さだ(か),想定、一定,定か
3069,3,波,8,ハ,なみ,光波,波乗
3070,3,板,8,ハン・バン,いた,開板、円板,天板
3071,3,表,8,ヒョウ,おもて・あらわ(す)・あらわ(れる),表組,表向
3072,3,服,8,フク,,間服,
3073,3,物,8,ブツ・モツ,もの,一物、一物,物物
3074,3,放,8,ホウ,はな(す)・はな(つ)・はな(れる),開放,
3075,3,味,8,ミ,あじ・あじ(わう),意味,味出
3076,3,命,8,メイ・ミョウ,いのち,一命、帰命,命拾
3077,3,油,8,ユ,あぶら,魚油,油石
3078,3,和,8,ワ・オ,やわ(らぐ)・やわ(らげる)・なご(む)・なご(やか),平和、温和,和やか
3079,3,屋,9,オク,や,屋下,青屋
3080,3,界,9,カイ,,有界,
3081,3,客,9,キャク・カク,,客引、雲客,
3082,3,急,9,キュウ,いそ(ぐ),火急,
3083,3,級,9,キュウ,,一級,
3084,3,係,9,ケイ,かか(る)・かかり,係数,係り
3085,3,研,9,ケン,と(ぐ),一研,
3086,3,県,9,ケン,,県人,
3087,3,指,9,シ,ゆび・さ(す),指名,指使、指また(叉)
3088,3,持,9,ジ,も(つ),所持,持物
3089,3,拾,9,シュウ・ジュウ,ひろ(う),拾、拾,
3090,3,重,9,ジュウ・チョウ,え・おも(い)・かさ(なる)・かさ(ねる),重大、軽重,九重、重(茂)
3091,3,昭,9,ショウ,,光昭,
3092,3,乗,9,ジョウ,の(る)・の(せる),階乗,
3093,3,神,9,シン・ジン,かみ・かん・こう,火神、海神,大神、神宿、神坂
3094,3,相,9,ソウ・ショウ,あい,相当、首相,相和
3095,3,送,9,ソウ,おく(る),運送,
3096,3,待,9,タイ,ま(つ),期待,まつよいぐさ(待宵草)
3097,3,炭,9,タン,すみ,黒炭,炭火
3098,3,柱,9,チュウ,はしら,円柱,柱谷
3099,3,追,9,ツイ,お(う),急追,追手
3100,3,度,9,ド・ト・タク,たび,度合、一度、仕度,度重
3101,3,畑,9,ー,はた・はたけ,,石畑、畑山
3102,3,発,9,ハツ・ホツ,,開発、開発,
3103,3,美,9,ビ,うつく(しい),星美,
3104,3,秒,9,ビョウ,,秒読,
3105,3,品,9,ヒン,しな,用品,品定
3106,3,負,9,フ,ま(ける)・ま(かす)・お(う),自負,
3107,3,面,9,メン,おも・おもて・つら,面食,面持、小面、面当
3108,3,洋,9,ヨウ,,遠洋,
3109,3,員,10,イン,,委員,
3110,3,院,10,イン,,医院,
3111,3,荷,10,カ,に,荷月,荷下
3112,3,起,10,キ,お(きる)・お(こる)・お(こす),起動,
3113,3,宮,10,キュウ・グウ・ク,みや,王宮、行宮、宮内,宮仕
3114,3,庫,10,コ・ク,くら,金庫、庫院,一庫
3115,3,根,10,コン,ね,根負,根回
3116,3,酒,10,シュ,さけ・さか,飲酒,酒飲、酒代
3117,3,消,10,ショウ,き(える)・け(す),金消,
3118,3,真,10,シン,ま,写真,真向
3119,3,息,10,ソク,いき,安息,息使
3120,3,速,10,ソク,はや(い)・はや(める)・すみ(やか),高速,速い、速やか
3121,3,庭,10,テイ,にわ,園庭,内庭
3122,3,島,10,トウ,しま,遠島,島流
3123,3,配,10,ハイ,くば(る),気配,
3124,3,倍,10,バイ,,倍近,
3125,3,病,10,ビョウ・ヘイ,や(む)・やまい,悪病、歌病,病犬
3126,3,勉,10,ベン,つと(める),勉学,
3127,3,流,10,リュウ,なが(れる)・なが(す),暗流,
3128,3,旅,10,リョ,たび,行旅,旅行
3129,3,悪,11,アク・オ,わる(い),悪意、悪寒,悪い気
3130,3,球,11,キュウ,たま,一球,球
3131,3,祭,11,サイ,まつ(る)・まつ(り),学祭,祭
3132,3,終,11,シュウ,お(わる)・お(える),終期,
3133,3,習,11,シュウ,なら(う),悪習,
3134,3,宿,11,シュク,やど・やど(る)・やど(す),一宿,神宿
3135,3,商,11,ショウ,あきな(う),外商,
3136,3,章,11,ショウ,,章立,
3137,3,深,11,シン,ふか(い)・ふか(まる)・ふか(める),深意,深(井)
3138,3,進,11,シン,すす(む)・すす(める),進行,進
3139,3,族,11,ゾク,,一族,
3140,3,第,11,ダイ,,次第,
3141,3,帳,11,チョウ,とばり,帳消,帳
3142,3,笛,11,テキ,ふえ,横笛,早笛
3143,3,転,11,テン,ころ(がる)・ころ(げる)・ころ(がす)・ころ(ぶ),暗転,
3144,3,都,11,ト・ツ,みやこ,一都、都合,都落
3145,3,動,11,ドウ,うご(く)・うご(かす),起動,中国自動車道
3146,3,部,11,ブ,,下部,
3147,3,問,11,モン,と(う)・と(い)・とん,悪問,一問一答、問、問屋
3148,3,飲,12,イン,の(む),飲酒,
3149,3,運,12,ウン,はこ(ぶ),運悪,
3150,3,温,12,オン,あたた(か)・あたた(かい)・あたた(まる)・あたた(める),温顔,
3151,3,開,12,カイ,ひら(く)・ひら(ける)・あ(く)・あ(ける),開始,
3152,3,階,12,カイ,きざはし,一階,階
3153,3,寒,12,カン,さむ(い),悪寒,
3154,3,期,12,キ,,期待,
3155,3,軽,12,ケイ,かる(い)・かろ(やか),軽音,軽石、軽やか
3156,3,湖,12,コ,みずうみ,湖岸,白鳥の湖
3157,3,港,12,コウ,みなと,開港,港区
3158,3,歯,12,シ,は,犬歯,歯止
3159,3,集,12,シュウ,あつ(まる)・あつ(める)・つど(う),全集,しゅうだんかつどう(集団活動)
3160,3,暑,12,ショ,あつ(い),寒暑,
3161,3,勝,12,ショウ,か(つ)・まさ(る),一勝,勝、勝
3162,3,植,12,ショク,う(える)・う(わる),写植,
3163,3,短,12,タン,みじか(い),青短,
3164,3,着,12,チャク・ジャク,き(る)・き(せる)・つ(く),合着、着,
3165,3,湯,12,トウ,ゆ,温湯,湯通
3166,3,登,12,トウ・ト,のぼ(る),先登、先登,登
3167,3,等,12,トウ,ひと(しい),一等,
3168,3,童,12,ドウ,わらべ,悪童,童歌
3169,3,悲,12,ヒ,かな(しい)・かな(しむ),大悲,
3170,3,筆,12,ヒツ,ふで,悪筆,筆立
3171,3,遊,12,ユウ・ユ,あそ(ぶ),糸遊、糸遊,
3172,3,葉,12,ヨウ,は,一葉,葉っ
3173,3,陽,12,ヨウ,ひ,漢陽,朝陽
3174,3,落,12,ラク,お(ちる)・お(とす),落書,
3175,3,暗,13,アン,くら(い),暗雲,
3176,3,意,13,イ,,用意,
3177,3,感,13,カン,,感心,
3178,3,漢,13,カン,,悪漢,
3179,3,業,13,ギョウ・ゴウ,わざ,悪業、悪業,足業
3180,3,詩,13,シ,うた,音詩,詩子
3181,3,想,13,ソウ・ソ,おも(う),予想、予想,
3182,3,鉄,13,テツ,くろがね,遠鉄,黒鉄
3183,3,農,13,ノウ,,帰農,
3184,3,福,13,フク,,赤福,
3185,3,路,13,ロ,じ,悪路,天路
3186,3,駅,14,エキ,,駅売,
3187,3,銀,14,ギン,しろがね,金銀,白銀
3188,3,鼻,14,ビ,はな,耳鼻,鼻持
3189,3,様,14,ヨウ,さま,同様,兄様
3190,3,緑,14,リョク・ロク,みどり,夏緑、四緑,青緑
3191,3,練,14,レン,ね(る),朝練,
3192,3,横,15,オウ,よこ,横行,横走
3193,3,談,15,ダン,,会談,
3194,3,調,15,チョウ,しら(べる)・ととの(う)・ととの(える),新調,
3195,3,箱,15,ソウ,はこ,きん(巾)箱,箱入
3196,3,館,16,カン,やかた,会館,お館
3197,3,橋,16,キョウ,はし,橋上,板橋
3198,3,整,16,セイ,ととの(える)・ととの(う),整音,
3199,3,薬,16,ヤク,くすり,医薬,薬売
3200,3,題,18,ダイ,,お題,
4001,4,欠,4,ケツ,か(ける)・か(く),間欠,けっかく(欠格)
4002,4,氏,4,シ,うじ,各氏,漢氏
4003,4,井,4,セイ・ショウ,い,市井、日商岩井,青井
4004,4,不,4,フ・ブ,,不向、不文,
4005,4,夫,4,フ・フウ,おっと,夫人、工夫,夫
4006,4,以,5,イ,もっ(て),以下,以て
4007,4,加,5,カ,くわ(える)・くわ(わる),参加,
4008,4,功,5,コウ・ク,,加功、功徳,
4009,4,札,5,サツ,ふだ,札入,合札
4010,4,司,5,シ,つかさど(る),赤司,
4011,4,失,5,シツ,うしな(う),一失,
4012,4,必,5,ヒツ,かなら(ず),必要,必ず
4013,4,付,5,フ,つ(く)・つ(ける),節付,作り付
4014,4,辺,5,ヘン,あだ・べ,周辺,池辺
4015,4,包,5,ホウ,つつ(む),空包,
4016,4,末,5,マツ・バツ,すえ,月末、末葉,末広
4017,4,未,5,ミ,いま(だ),未練,未だ
4018,4,民,5,ミン,たみ,官民,民部
4019,4,令,5,レイ,,家令,
4020,4,衣,6,イ,ころも,衣食,衣川
4021,4,印,6,イン,しるし,合印,印
4022,4,各,6,カク,おのおの,各位,各各
4023,4,共,6,キョウ,とも,共栄,共働
4024,4,好,6,コウ,この(む)・す(く),愛好,
4025,4,成,6,セイ・ジョウ,な(る)・な(す),達成、成道,成、マイナス成長
4026,4,争,6,ソウ,あらそ(う),競争,
4027,4,仲,6,チュウ,なか,仲弓,仲良
4028,4,兆,6,チョウ,きざ(す)・きざ(し),一兆,兆し
4029,4,伝,6,デン,つた(わる)・つた(える)・つた(う),駅伝,
4030,4,灯,6,トウ,ひ,一灯,灯
4031,4,老,6,ロウ,お(いる)・ふ(ける),海老,
4032,4,位,7,イ,くらい,位取,位取
4033,4,改,7,カイ,あらた(める)・あらた(まる),改悪,
4034,4,完,7,カン,,完成,
4035,4,岐,7,キ,また,安岐,岐
4036,4,希,7,キ,こいねが(う),希求,
4037,4,求,7,キュウ,もと(める),希求,
4038,4,芸,7,ゲイ,,足芸,
4039,4,佐,7,サ,,安佐,
4040,4,材,7,ザイ,,板材,
4041,4,児,7,ジ・ニ,,愛児、小児,
4042,4,初,7,ショ,はじ(め)・はじ(めて)・はつ・うい・そ(める),初期,初め、初めて、初乗、初子
4043,4,臣,7,シン・ジン,,家臣、大臣,
4044,4,折,7,セツ,お(る)・お(れる)・おり,右折,折良
4045,4,束,7,ソク,たば・たば(ねる),一束,札束
4046,4,沖,7,チュウ,おき,沖積,沖合
4047,4,低,7,テイ,ひく(い)・ひく(める)・ひく(まる),低下,
4048,4,努,7,ド,つと(める),努力,
4049,4,阪,7,ハン,さか,帰阪,大阪
4050,4,兵,7,ヘイ・ヒョウ,つわもの,海兵、小兵,古兵
4051,4,別,7,ベツ,わか(れる)・わ(ける),別刷,
4052,4,利,7,リ,き(く),利用,
4053,4,良,7,リョウ,よ(い),温良,良い
4054,4,冷,7,レイ,つめ(たい)・ひ(える)・ひ(や)・ひ(やす)・さ(める)・さ(ます),寒冷,冷や
4055,4,労,7,ロウ,いたわ(る)・ねぎら(う),漁労,
4056,4,英,8,エイ,,育英,
4057,4,岡,8,コウ,おか,岡安高,赤岡
4058,4,果,8,カ,は(たす)・は(てる)・は(て),果無,果て
4059,4,芽,8,ガ,め,花芽,芽生
4060,4,官,8,カン,,次官,
4061,4,季,8,キ,,一季,
4062,4,泣,8,キュウ,な(く),感泣,泣く泣
4063,4,協,8,キョウ,,協会,
4064,4,径,8,ケイ,みち,外径,小径
4065,4,固,8,コ,かた(める)・かた(まる)・かた(い),固有,
4066,4,刷,8,サツ,す(る),印刷,
4067,4,参,8,サン,まい(る),参加,
4068,4,治,8,ジ・チ,おさ(める)・おさ(まる)・なお(る)・なお(す),英治、完治,
4069,4,周,8,シュウ,まわ(り),周辺,周り
4070,4,松,8,ショウ,まつ,松魚,赤松
4071,4,卒,8,ソツ,,院卒,
4072,4,底,8,テイ,そこ,海底,底冷
4073,4,的,8,テキ,まと,絵的,的外
4074,4,典,8,テン,,辞典,
4075,4,奈,8,ナ,,絵奈,
4076,4,念,8,ネン,,無念,
4077,4,府,8,フ,,開府,
4078,4,阜,8,フ,,宮阜,
4079,4,法,8,ホウ・ハッ・ホッ,のり,悪法、法度、法界,内法
4080,4,牧,8,ボク,まき,司牧,上牧
4081,4,例,8,レイ,たと(える),悪例,
4082,4,茨,9,シ,いばら,茨木市,茨城
4083,4,栄,9,エイ,さか(える)・は(え),栄位,
4084,4,軍,9,グン,,一軍,
4085,4,建,9,ケン・コン,た(てる)・た(つ),建一、建立,
4086,4,香,9,コウ・キョウ,かおり・かお(る),お香、香子,香り、香
4087,4,昨,9,サク,,一昨,
4088,4,祝,9,シュク・シュウ,いわ(う),祝意、祝言,
4089,4,城,9,ジョウ,しろ,安城,岩城
4090,4,信,9,シン,,信じ,
4091,4,省,9,セイ・ショウ,かえり(みる)・はぶ(く),帰省、各省,
4092,4,浅,9,セン,あさ(い),以浅,浅井
4093,4,単,9,タン,,単位,
4094,4,栃,9,ー,とち,,栃木
4095,4,飛,9,ヒ,と(ぶ)・と(ばす),音飛,天飛ぶや
4096,4,変,9,ヘン,か(わる)・か(える),変化,
4097,4,便,9,ベン・ビン,たよ(り),軽便、朝便,便り
4098,4,約,9,ヤク,,協約,
4099,4,勇,9,ユウ,いさ(む),小勇,勇
4100,4,要,9,ヨウ,い(る)・かなめ,必要,要石
4101,4,案,10,アン,,案下,
4102,4,害,10,ガイ,,塩害,
4103,4,挙,10,キョ,あ(げる)・あ(がる)・こぞ(って),一挙,挙って
4104,4,訓,10,クン,,訓読,
4105,4,郡,10,グン,,下郡,
4106,4,候,10,コウ,そうろう,気候,候文
4107,4,差,10,サ,さ(す),指差,交差数
4108,4,残,10,ザン,のこ(る)・のこ(す),残念,
4109,4,借,10,シャク,か(りる),借書,
4110,4,笑,10,ショウ,わら(う)・え(む),一笑,
4111,4,席,10,セキ,,同席,
4112,4,倉,10,ソウ,くら,魚倉,赤倉
4113,4,孫,10,ソン,まご,愛孫,孫引
4114,4,帯,10,タイ,おび・おび(る),一帯,色帯
4115,4,徒,10,ト,,学徒,
4116,4,特,10,トク,,特別,
4117,4,梅,10,バイ,うめ,塩梅,梅川
4118,4,浴,10,ヨク,あ(びる)・あ(びせる),温浴,
4119,4,料,10,リョウ,,衣料,
4120,4,連,10,レン,つら(なる)・つら(ねる)・つ(れる),関連,
4121,4,貨,11,カ,,悪貨,
4122,4,械,11,カイ,,機械,
4123,4,漁,11,ギョ・リョウ,あさ(る),漁期、休漁,
4124,4,健,11,ケン,すこ(やか),強健,健やか
4125,4,康,11,コウ,,安康,
4126,4,菜,11,サイ,な,花菜,青菜
4127,4,埼,11,キ,さき,神埼,埼
4128,4,崎,11,キ,さき,赤崎,赤崎
4129,4,産,11,サン,う(む)・う(まれる)・うぶ,お産,産着
4130,4,鹿,11,ロク,しか,神鹿,青鹿
4131,4,唱,11,ショウ,とな(える),愛唱,
4132,4,清,11,セイ・ショウ,きよ(い)・きよ(まる)・きよ(める),血清、清勝,清井
4133,4,巣,11,ソウ,す,帰巣,巣立
4134,4,側,11,ソク,かわ,右側,川側
4135,4,梨,11,リ,なし,花梨,青梨
4136,4,敗,11,ハイ,やぶ(れる),勝敗,
4137,4,票,11,ヒョウ,,票読,
4138,4,副,11,フク,,川副,
4139,4,望,11,ボウ・モウ,のぞ(む),一望、一望,望
4140,4,陸,11,リク,,陸続,
4141,4,媛,12,エン,ひめ,才媛,愛媛
4142,4,賀,12,ガ,,相賀,
4143,4,街,12,ガイ・カイ,まち,花街、街道,街行
4144,4,覚,12,カク,おぼ(える)・さ(ます)・さ(める),温覚,
4145,4,給,12,キュウ,たま(う),加給,
4146,4,極,12,キョク,きわ(める)・きわ(まる)・きわ(み),一極,極み
4147,4,景,12,ケイ,,一景,
4148,4,結,12,ケツ,むす(ぶ)・ゆ(う)・ゆ(わえる),完結,結城
4149,4,最,12,サイ,もっと(も),最果,最も
4150,4,散,12,サン,ち(る)・ち(らす)・ち(らかる)・ち(らかす),雲散,未散
4151,4,滋,12,ジ,,滋味,
4152,4,順,12,ジュン,,順送,
4153,4,焼,12,ショウ,や(く)・や(ける),焼結,
4154,4,然,12,ゼン・ネン,しか,当然、自然,然し
4155,4,隊,12,タイ,,一隊,
4156,4,達,12,タツ,たち,栄達,馬達
4157,4,博,12,ハク・バク,,医博、博才,
4158,4,飯,12,ハン,めし,魚飯,朝飯
4159,4,富,12,フ・フウ,と(む)・とみ,国富、富,国富
4160,4,満,12,マン,み(ちる)・み(たす),糸満,
4161,4,無,12,ム・ブ,な(い),無理、無愛,無
4162,4,量,12,リョウ,はか(る),当量,
4163,4,愛,13,アイ,いと(しい),愛用,
4164,4,塩,13,エン,しお,塩安,塩焼
4165,4,群,13,グン,む(れる)・む(れ),一群,群
4166,4,試,13,シ,こころ(みる)・ため(す),院試,
4167,4,辞,13,ジ,や(める),辞典,
4168,4,照,13,ショウ,て(る)・て(らす)・て(れる),引照,照、天照大神
4169,4,節,13,セツ・セチ,ふし,一節、節会,節回
4170,4,戦,13,セン,たたか(う)・いくさ,悪戦,戦
4171,4,続,13,ゾク,つづ(く)・つづ(ける),後続,続く
4172,4,置,13,チ,お(く),位置,きおくいち(記憶位置)
4173,4,働,13,ドウ,はたら(く),協働,
4174,4,管,14,カン,くだ,一管,管玉
4175,4,関,14,カン,せき・かか(わる),関連,井関
4176,4,旗,14,キ,はた,旗魚,青旗
4177,4,熊,14,ユウ,くま,さつ(殺)熊,岩熊
4178,4,察,14,サツ,,観察,
4179,4,種,14,シュ,たね,育種,種切
4180,4,静,14,セイ・ジョウ,しず(か)・しず(まる)・しず(める),安静、静注,静
4181,4,説,14,セツ・ゼイ,と(く),説明、遊説,せっとく(説得)
4182,4,徳,14,トク,,悪徳,
4183,4,億,15,オク,,一億,
4184,4,課,15,カ,,一課,
4185,4,潟,15,セキ,かた,潟湖,内潟
4186,4,器,15,キ,うつわ,親器,器物
4187,4,縄,15,ジョウ,なわ,結縄,沖縄
4188,4,選,15,セン,えら(ぶ),改選,
4189,4,熱,15,ネツ,あつ(い),温熱,
4190,4,標,15,ヒョウ,しるべ・しるし,音標,道標、標旗
4191,4,養,15,ヨウ,やしな(う),栄養,
4192,4,輪,15,リン,わ,愛輪,輪乗
4193,4,機,16,キ,はた,愛機,機場
4194,4,積,16,セキ,つ(む)・つ(もる),外積,
4195,4,録,16,ロク,,登録,
4196,4,観,18,カン,み(る),観念,
4197,4,験,18,ケン・ゲン,,験算、験直,
4198,4,類,18,ルイ,,一類,
4199,4,願,19,ガン,ねが(う),願意,
4200,4,鏡,19,キョウ,かがみ,円鏡,今鏡
4201,4,議,20,ギ,,院議,
4202,4,競,20,キョウ・ケイ,きそ(う)・せ(る),競泳、競買,
5001,5,久,3,キュウ・ク,ひさ(しい),永久、牛久,
5002,5,士,3,シ,,同士,
5003,5,支,4,シ,ささ(える),差支,
5004,5,比,4,ヒ,くら(べる),無比,
5005,5,仏,4,ブツ,ほとけ,活仏,神仏
5006,5,圧,5,アツ,,圧板,
5007,5,永,5,エイ,なが(い),安永,永井
5008,5,可,5,カ,,可愛,
5009,5,刊,5,カン,,刊記,
5010,5,旧,5,キュウ,,旧悪,
5011,5,句,5,ク,,絶句,
5012,5,史,5,シ,,女史,
5013,5,示,5,ジ・シ,しめ(す),表示、示教,示へん(偏)
5014,5,犯,5,ハン,おか(す),共犯,
5015,5,布,5,フ,ぬの,花布,布切
5016,5,弁,5,ベン,わきま(える),員弁,
5017,5,因,6,イン,よ(る),悪因,
5018,5,仮,6,カ・ケ,かり,仮初、仮病,仮初
5019,5,件,6,ケン,くだん,案件,件
5020,5,再,6,サイ・サ,ふたた(び),再現、再現,再び
5021,5,在,6,ザイ,あ(る),在住,
5022,5,団,6,ダン・トン,,集団、金団,
5023,5,任,6,ニン,まか(せる)・まか(す),任命,
5024,5,囲,7,イ,かこ(む)・かこ(う),囲気,
5025,5,応,7,オウ,こた(える),対応,
5026,5,快,7,カイ,こころよ(い),軽快,
5027,5,技,7,ギ,わざ,演技,足技
5028,5,均,7,キン,,均一,
5029,5,告,7,コク,つ(げる),会告,
5030,5,災,7,サイ,わざわ(い),火災,災い
5031,5,志,7,シ,こころざ(す)・こころざし,志望,志
5032,5,似,7,ジ,に(る),近似,
5033,5,序,7,ジョ,つい(で),花序,序で
5034,5,条,7,ジョウ,,圧条,
5035,5,状,7,ジョウ,,状差,
5036,5,判,7,ハン・バン,,合判、印判,
5037,5,防,7,ボウ,ふせ(ぐ),防衛,
5038,5,余,7,ヨ,あま(る)・あま(す),神余,余部、余す所
5039,5,易,8,エキ・イ,やさ(しい),易学、容易,
5040,5,往,8,オウ,,一往,
5041,5,河,8,カ,かわ,井河,井河
5042,5,居,8,キョ,い(る),安居,居留守
5043,5,効,8,コウ,き(く),効果,
5044,5,妻,8,サイ,つま,愛妻,大妻
5045,5,枝,8,シ,えだ,枝折,枝分
5046,5,舎,8,シャ,,営舎,
5047,5,述,8,ジュツ,の(べる),演述,
5048,5,制,8,セイ,,制度,
5049,5,性,8,セイ・ショウ,,悪性、相性,
5050,5,毒,8,ドク,,毒消,
5051,5,版,8,ハン,,版組,
5052,5,肥,8,ヒ,こ(える)・こ(やす),肥立,
5053,5,非,8,ヒ,あら(ず),非道,非ず
5054,5,武,8,ブ・ム,,武張、建武,
5055,5,紀,9,キ,,明紀,
5056,5,逆,9,ギャク,さか(らう),逆向,
5057,5,型,9,ケイ,かた,一型,型通
5058,5,限,9,ゲン,かぎ(る),限定,
5059,5,故,9,コ,ゆえ,事故,故無
5060,5,厚,9,コウ,あつ(い),温厚,
5061,5,査,9,サ,,検査,
5062,5,招,9,ショウ,まね(く),招集,
5063,5,政,9,セイ・ショウ,まつりごと,悪政、政商,政
5064,5,祖,9,ソ,,遠祖,
5065,5,則,9,ソク,のっと(る),会則,
5066,5,独,9,ドク,ひと(り),独自,独り
5067,5,保,9,ホ,たも(つ),確保,保
5068,5,迷,9,メイ,まよ(う),混迷,
5069,5,益,10,エキ・ヤク,,益金、無益,
5070,5,桜,10,オウ,さくら,桜雲,桜井
5071,5,格,10,カク・コウ,,格付、格好,
5072,5,個,10,コ,,一個,
5073,5,耕,10,コウ,たがや(す),休耕,
5074,5,航,10,コウ,,運航,
5075,5,財,10,ザイ・サイ,,家財、合財,
5076,5,殺,10,サツ・サイ,ころ(す),圧殺、減殺,
5077,5,師,10,シ,,医師,
5078,5,修,10,シュウ・シュ,おさ(める)・おさ(まる),改修、改修,
5079,5,素,10,ソ・ス,もと,素知、素焼,素子
5080,5,造,10,ゾウ,つく(る),営造,
5081,5,能,10,ノウ,,能無,
5082,5,破,10,ハ,やぶ(る)・やぶ(れる),小破,
5083,5,粉,10,フン,こな・こ,色粉,粉薬、打粉
5084,5,脈,10,ミャク,,脈打,
5085,5,容,10,ヨウ,い(れる),容易,
5086,5,留,10,リュウ・ル,と(める)・と(まる),一留、久留,
5087,5,移,11,イ,うつ(る)・うつ(す),移行,
5088,5,液,11,エキ,,愛液,
5089,5,眼,11,ガン・ゲン,まなこ,一眼、開眼,血眼
5090,5,基,11,キ,もと・もとい,基準,基栄、基
5091,5,寄,11,キ,よ(る)・よ(せる),客寄,寄る辺
5092,5,規,11,キ,,円規,
5093,5,救,11,キュウ,すく(う),救急,
5094,5,許,11,キョ,ゆる(す),官許,許すまじ
5095,5,経,11,ケイ・キョウ,へ(る)・た(つ),経験、易経,伝達経路
5096,5,険,11,ケン,けわ(しい),険悪,
5097,5,現,11,ゲン,あらわ(れる)・あらわ(す)・うつつ,再現,夢現
5098,5,混,11,コン,ま(じる)・ま(ざる)・ま(ぜる)・こ(む),混一,
5099,5,採,11,サイ,と(る),採火,
5100,5,授,11,ジュ,さず(ける)・さず(かる),教授,
5101,5,術,11,ジュツ,すべ,医術,術
5102,5,常,11,ジョウ,つね・とこ,非常,常明、常井
5103,5,情,11,ジョウ・セイ,なさ(け),情勢、情勢,情け
5104,5,責,11,セキ,せ(める),引責,
5105,5,接,11,セツ,つ(ぐ),接続,せつぐう(接遇)
5106,5,設,11,セツ,もう(ける),開設,
5107,5,率,11,リツ・ソツ,ひき(いる),効率、引率,
5108,5,断,11,ダン,た(つ)・ことわ(る),英断,
5109,5,張,11,チョウ,は(る),一張,
5110,5,停,11,テイ,と(まる)・と(める),停止,
5111,5,堂,11,ドウ,,石堂,
5112,5,得,11,トク,え(る)・う(る),一得,
5113,5,貧,11,ヒン・ビン,まず(しい),救貧、貧ぼう(乏),
5114,5,婦,11,フ,,主婦,
5115,5,務,11,ム,つと(める),医務,
5116,5,略,11,リャク,,下略,
5117,5,営,12,エイ,いとな(む),経営,
5118,5,過,12,カ,す(ぎる)・す(ごす)・あやま(つ)・あやま(ち),短過,すごすg(凄過)、過ち
5119,5,喜,12,キ,よろこ(ぶ),一喜,
5120,5,検,12,ケン,,英検,
5121,5,減,12,ゲン,へ(る)・へ(らす),加減,
5122,5,証,12,ショウ,あかし,証明,証立
5123,5,象,12,ショウ・ゾウ,,現象、海象,
5124,5,税,12,ゼイ,,悪税,
5125,5,絶,12,ゼツ,た(える)・た(やす)・た(つ),快絶,
5126,5,測,12,ソク,はか(る),可測,
5127,5,属,12,ゾク,,帰属,
5128,5,貸,12,タイ,か(す),貸借,
5129,5,貯,12,チョ,た(める)・たくわ(える),貯金,
5130,5,提,12,テイ,さ(げる),協提,
5131,5,程,12,テイ,ほど,過程,程良
5132,5,統,12,トウ,す(べる),一統,
5133,5,費,12,ヒ,つい(やす)・つい(える),会費,
5134,5,備,12,ビ,そな(える)・そな(わる),整備,
5135,5,評,12,ヒョウ,,悪評,
5136,5,復,12,フク,,往復,
5137,5,報,12,ホウ,むく(いる),通報,
5138,5,貿,12,ボウ,,貿易,
5139,5,解,13,カイ・ゲ,と(く)・と(かす)・と(ける),理解、義解,とくしゅかい(特殊解)
5140,5,幹,13,カン,みき,幹音,幹夫
5141,5,義,13,ギ,,主義,
5142,5,禁,13,キン,,禁止,
5143,5,鉱,13,コウ,,金鉱,
5144,5,罪,13,ザイ,つみ,軽罪,罪深
5145,5,資,13,シ,,資格,
5146,5,飼,13,シ,か(う),牛飼,
5147,5,準,13,ジュン,,基準,
5148,5,勢,13,セイ,いきお(い),情勢,勢い
5149,5,損,13,ソン,そこ(なう)・そこ(ねる),見損,
5150,5,墓,13,ボ,はか,墓参,墓参
5151,5,豊,13,ホウ,ゆた(か),豊富,豊
5152,5,夢,13,ム,ゆめ,悪夢,夢見
5153,5,演,14,エン,,演歌,
5154,5,慣,14,カン,な(れる)・な(らす),慣行,
5155,5,境,14,キョウ・ケイ,さかい,歌境、境外,境井
5156,5,構,14,コウ,かま(える)・かま(う),構内,
5157,5,際,14,サイ,きわ,一際,際立
5158,5,雑,14,ザツ・ゾウ,,交雑、雑木,
5159,5,酸,14,サン,す(い),塩酸,酸い
5160,5,精,14,セイ・ショウ,,精出、精進,
5161,5,製,14,セイ,,改製,
5162,5,総,14,ソウ,すべ(て),総立,総て
5163,5,像,14,ゾウ,,絵像,
5164,5,増,14,ゾウ,ま(す)・ふ(える)・ふ(やす),加増,増
5165,5,態,14,タイ,,状態,
5166,5,適,14,テキ,かな(う),適当,
5167,5,銅,14,ドウ,あかがね,黄銅,銅色
5168,5,複,14,フク,,重複,
5169,5,綿,14,メン,わた,海綿,石綿
5170,5,領,14,リョウ,,英領,
5171,5,歴,14,レキ,,回歴,
5172,5,価,15,カ,あたい,安価,価
5173,5,確,15,カク,たし(か)・たし(かめる),正確,確か
5174,5,潔,15,ケツ,いさぎよ(い),高潔,
5175,5,賛,15,サン,,画賛,
5176,5,質,15,シツ・シチ・チ,,悪質、質流、質流,
5177,5,賞,15,ショウ,,各賞,
5178,5,導,15,ドウ,みちび(く),主導,
5179,5,編,15,ヘン,あ(む),編入,
5180,5,暴,15,ボウ・バク,あば(れる),暴走、暴,
5181,5,衛,16,エイ,,防衛,
5182,5,興,16,コウ・キョウ,おこ(る)・おこ(す),興一、一興,
5183,5,築,16,チク,きず(く),移築,
5184,5,燃,16,ネン,も(える)・も(やす),可燃,
5185,5,輸,16,ユ,,運輸,
5186,5,講,17,コウ,,開講,
5187,5,謝,17,シャ,あやま(る),感謝,
5188,5,績,17,セキ,,業績,
5189,5,額,18,ガク,ひたい,価額,額際
5190,5,織,18,ショク・シキ,お(る),機織、組織,
5191,5,職,18,ショク,,栄職,
5192,5,識,19,シキ,,意識,
5193,5,護,20,ゴ,まも(る),愛護,
6001,6,干,3,カン,ほ(す)・ひ(る),干害,
6002,6,己,3,コ・キ,おのれ,一己、知己,己
6003,6,寸,3,スン,,寸前,
6004,6,亡,3,ボウ・モウ,な(く)・な(くなる)・ほろ(びる)・ほろ(ぼす),欠亡、存亡,
6005,6,尺,4,シャク,,現尺,
6006,6,収,4,シュウ,おさ(める)・おさ(まる),吸収,
6007,6,仁,4,ジン・ニ,,仁愛、今仁,
6008,6,片,4,ヘン,かた,羽片,片割
6009,6,穴,5,ケツ,あな,一穴,穴開
6010,6,冊,5,サツ,,一冊,
6011,6,処,5,ショ,,処理,
6012,6,庁,5,チョウ,,院庁,
6013,6,幼,5,ヨウ,おさな(い),長幼,幼い
6014,6,宇,6,ウ,,一宇,
6015,6,灰,6,カイ,はい,灰土,降灰
6016,6,危,6,キ,あぶ(ない)・あや(うい),危険,
6017,6,机,6,キ,つくえ,机下,机型
6018,6,吸,6,キュウ,す(う),吸収,吸収係数
6019,6,后,6,コウ,きさき,王后,后
6020,6,至,6,シ,いた(る),一至,至
6021,6,舌,6,ゼツ,した,演舌,舌足
6022,6,存,6,ソン・ゾン,,存在、異存,
6023,6,宅,6,タク,,安宅,
6024,6,我,7,ガ,われ・わ,我妻,我等、我等
6025,6,系,7,ケイ,,医系,
6026,6,孝,7,コウ,,栄孝,
6027,6,困,7,コン,こま(る),困苦,
6028,6,私,7,シ,わたくし・わたし,恩私,私事、私達
6029,6,否,7,ヒ,いな,応否,否や
6030,6,批,7,ヒ,,高批,
6031,6,忘,7,ボウ,わす(れる),健忘,
6032,6,乱,7,ラン,みだ(れる)・みだ(す),乱切,
6033,6,卵,7,ラン,たまご,液卵,卵色
6034,6,延,8,エン,の(びる)・の(べる)・の(ばす),圧延,
6035,6,沿,8,エン,そ(う),沿海,
6036,6,拡,8,カク,ひろ(げる)・ひろ(がる),拡大,
6037,6,供,8,キョウ・ク,とも・そな(える),提供、供役,お供
6038,6,券,8,ケン,,株券,
6039,6,呼,8,コ,よ(ぶ),呼応,呼子
6040,6,刻,8,コク,きざ(む),一刻,
6041,6,若,8,ジャク・ニャク,わか(い)・も(しくは),自若、若道,若井、若しくは
6042,6,宗,8,シュウ・ソウ,,円宗、佐宗,
6043,6,承,8,ショウ,うけたまわ(る),永承,
6044,6,垂,8,スイ,た(れる)・た(らす),下垂,
6045,6,担,8,タン,かつ(ぐ)・にな(う),担当,
6046,6,宙,8,チュウ,,宙返,
6047,6,忠,8,チュウ,,誠忠,
6048,6,届,8,ー,とど(ける)・とど(く),,
6049,6,乳,8,ニュウ,ちち・ち,牛乳,お乳、お乳
6050,6,拝,8,ハイ,おが(む),九拝,
6051,6,並,8,ヘイ,なみ・なら(べる)・なら(ぶ),並記,並外
6052,6,宝,8,ホウ,たから,家宝,宝探
6053,6,枚,8,マイ,,一枚,
6054,6,胃,9,イ,,胃液,
6055,6,映,9,エイ,うつ(る)・うつ(す)・は(える),反映,
6056,6,革,9,カク,かわ,沿革,大革
6057,6,巻,9,カン,ま(く)・まき,圧巻,巻付
6058,6,看,9,カン,,看過,
6059,6,皇,9,コウ・オウ,,教皇、味皇,
6060,6,紅,9,コウ・ク,べに・くれない,紅花、口紅,寒紅、紅染
6061,6,砂,9,サ・シャ,すな,砂金、金砂,北砂
6062,6,姿,9,シ,すがた,後姿,後姿
6063,6,宣,9,セン,のたま(う),街宣,
6064,6,専,9,セン,もっぱ(ら),専修,専ら
6065,6,泉,9,セン,いずみ,塩泉,和泉
6066,6,洗,9,セン,あら(う),一洗,
6067,6,染,9,セン,そ(める)・そ(まる)・し(みる)・し(み),感染,染み
6068,6,奏,9,ソウ,かな(でる),演奏,
6069,6,退,9,タイ,しりぞ(く)・しりぞ(ける),引退,
6070,6,段,9,ダン,,段取,
6071,6,派,9,ハ,,派生,
6072,6,背,9,ハイ,せ・せい・そむ(く)・そむ(ける),後背,背負、背板
6073,6,肺,9,ハイ,,片肺,
6074,6,律,9,リツ・リチ,,一律、律義,
6075,6,恩,10,オン,,恩着,
6076,6,株,10,シュ,かぶ,異株,株分
6077,6,胸,10,キョウ,むね・むな,開胸,胸焼、胸板
6078,6,降,10,コウ,お(りる)・お(ろす)・ふ(る),以降,
6079,6,骨,10,コツ,ほね,遺骨,骨休
6080,6,座,10,ザ,すわ(る),講座,
6081,6,蚕,10,サン,かいこ,蚕業,蚕
6082,6,射,10,シャ,い(る),顔射,
6083,6,従,10,ジュウ・ショウ・ジュ,したが(う)・したが(える),帰従、合従、帰従,
6084,6,純,10,ジュン,,単純,
6085,6,除,10,ジョ・ジ,のぞ(く),解除、解除,
6086,6,将,10,ショウ,まさ(に),一将,
6087,6,針,10,シン,はり,一針,小針
6088,6,値,10,チ,あたい・ね,域値,値表、値引
6089,6,展,10,テン,,展開,
6090,6,討,10,トウ,う(つ),検討,
6091,6,党,10,トウ,,悪党,
6092,6,納,10,ノウ・ナッ・ナ・ナン・トウ,おさ(める)・おさ(まる),格納、納得、納得、納戸、出納,
6093,6,俳,10,ハイ,,俳画,
6094,6,班,10,ハン,,各班,
6095,6,秘,10,ヒ,ひ(める),極秘,
6096,6,俵,10,ヒョウ,たわら,土俵,俵
6097,6,陛,10,ヘイ,,陛下,
6098,6,朗,10,ロウ,ほが(らか),一朗,朗らか
6099,6,異,11,イ,こと,異常,相異
6100,6,域,11,イキ,,異域,
6101,6,郷,11,キョウ・ゴウ,,愛郷、石郷,
6102,6,済,11,サイ,す(む)・す(ます),一済,
6103,6,視,11,シ,み(る),無視,
6104,6,捨,11,シャ,す(てる),喜捨,
6105,6,推,11,スイ,お(す),型推,おすいもじ(御推文字)
6106,6,盛,11,セイ・ジョウ,も(る)・さか(る)・さか(ん),強盛、強盛,盛ん
6107,6,窓,11,ソウ,まど,学窓,赤窓
6108,6,探,11,タン,さが(す)・さぐ(る),逆探,
6109,6,著,11,チョ,あらわ(す)・いちじる(しい),遺著,
6110,6,頂,11,チョウ,いただ(く)・いただき,雲頂,頂き
6111,6,脳,11,ノウ,,右脳,
6112,6,閉,11,ヘイ,と(じる)・と(ざす)・し(める)・し(まる),開閉,
6113,6,訪,11,ホウ,おとず(れる)・たず(ねる),往訪,
6114,6,密,11,ミツ,,圧密,
6115,6,訳,11,ヤク,わけ,意訳,訳無
6116,6,郵,11,ユウ,,郵券,
6117,6,欲,11,ヨク,ほっ(する)・ほ(しい),欲深,
6118,6,翌,11,ヨク,,翌朝,
6119,6,割,12,カツ,わ(る)・わ(れる)・さ(く),分割,割る
6120,6,揮,12,キ,,発揮,
6121,6,貴,12,キ,とうと(い)・たっと(い),兄貴,
6122,6,勤,12,キン・ゴン,つと(める)・つと(まる),外勤、勤行,
6123,6,筋,12,キン,すじ,帯筋,筋合
6124,6,敬,12,ケイ,うやま(う),愛敬,
6125,6,裁,12,サイ,た(つ)・さば(く),家裁,
6126,6,策,12,サク,,一策,
6127,6,詞,12,シ,,歌詞,
6128,6,就,12,シュウ・ジュ,つ(く)・つ(ける),去就、成就,
6129,6,衆,12,シュウ・シュ,,男衆、男衆,
6130,6,善,12,ゼン,よ(い),改善,
6131,6,創,12,ソウ,つく(る),割創,
6132,6,装,12,ソウ・ショウ,よそお(う),改装、衣装,
6133,6,尊,12,ソン,とうと(い)・たっと(い)・とうと(ぶ)・たっと(ぶ),至尊,
6134,6,痛,12,ツウ,いた(い)・いた(む)・いた(める),圧痛,痛い目
6135,6,晩,12,バン,,今晩,
6136,6,補,12,ホ,おぎな(う),候補,
6137,6,棒,12,ボウ,,棒読,
6138,6,絹,13,ケン,きぬ,絹雲,絹糸
6139,6,源,13,ゲン,みなもと,永源,源家
6140,6,署,13,ショ,,各署,
6141,6,傷,13,ショウ,きず・いた(む)・いた(める),感傷,傷付
6142,6,蒸,13,ジョウ,む(す)・む(れる)・む(らす),蒸気,
6143,6,聖,13,セイ・ショウ,ひじり,歌聖、聖教,聖橋
6144,6,誠,13,セイ,まこと,一誠,誠人
6145,6,暖,13,ダン,あたた(か)・あたた(かい)・あたた(まる)・あたた(める),温暖,暖
6146,6,腸,13,チョウ,はらわた,胃腸,腸
6147,6,賃,13,チン,,賃下,
6148,6,腹,13,フク,はら,異腹,腹減
6149,6,幕,13,マク・バク,,幕引、旧幕,
6150,6,盟,13,メイ,,加盟,
6151,6,預,13,ヨ,あず(ける)・あず(かる),預金,
6152,6,裏,13,リ,うら,裏切,裏投
6153,6,閣,14,カク,,閣外,
6154,6,疑,14,ギ,うたが(う),疑義,
6155,6,誤,14,ゴ,あやま(る),過誤,
6156,6,穀,14,コク,,穀雨,
6157,6,誌,14,シ,,会誌,
6158,6,磁,14,ジ,,消磁,
6159,6,障,14,ショウ,さわ(る),障害,
6160,6,銭,14,セン,ぜに,悪銭,銭失
6161,6,層,14,ソウ,,一層,
6162,6,認,14,ニン,みと(める),確認,
6163,6,暮,14,ボ,く(れる)・く(らす),暮雨,
6164,6,模,14,モ・ボ,,模型、規模,
6165,6,遺,15,イ・ユイ,,遺愛、遺言,
6166,6,劇,15,ゲキ,,演劇,
6167,6,権,15,ケン・ゴン,,政権、権教,
6168,6,熟,15,ジュク,う(れる),円熟,
6169,6,諸,15,ショ,もろ,諸悪,小諸
6170,6,蔵,15,ゾウ,くら,内蔵,大蔵
6171,6,誕,15,タン,,降誕,
6172,6,潮,15,チョウ,しお,干潮,潮垂
6173,6,敵,15,テキ,かたき,素敵,敵討
6174,6,論,15,ロン,,一論,
6175,6,激,16,ゲキ,はげ(しい),過激,
6176,6,憲,16,ケン,,改憲,
6177,6,鋼,16,コウ,はがね,形鋼,玉鋼
6178,6,樹,16,ジュ,き,一樹,一樹
6179,6,縦,16,ジュウ,たて,縦横,縦組
6180,6,操,16,ソウ,みさお・あやつ(る),志操,操
6181,6,糖,16,トウ,,果糖,
6182,6,奮,16,フン,ふる(う),興奮,
6183,6,厳,17,ゲン,おごそ(か)・きび(しい),厳格,厳か
6184,6,縮,17,シュク,ちぢ(む)・ちぢ(まる)・ちぢ(める)・ちぢ(れる)・ちぢ(らす),圧縮,
6185,6,優,17,ユウ,やさ(しい)・すぐ(れる),女優,
6186,6,覧,17,ラン,,一覧,
6187,6,簡,18,カン,,簡易,
6188,6,難,18,ナン,むずか(しい)・かた(い),難無,難
6189,6,臨,18,リン,のぞ(む),君臨,
6190,6,警,19,ケイ,,警告,
6191,6,臓,19,ゾウ,,五臓,